<?xml version="1.0" encoding="UTF-8" ?>
<CONFIGURATION>
    <SERVER>
		<IP>wise-msghub.chinanorth.cloudapp.chinacloudapi.cn</IP>
		<Port>1883</Port>
		<Username>e8e54cd2-3688-43c8-8cdc-5d73a950f1e0:21a8c9a1-16c3-4fdb-b6f0-7ea19ce76013</Username>
		<Password>e9ox97AINTCMU8FGE8FCH8MY0</Password>
	</SERVER>
	<SCADA>
		<SCADAID>b80ec47d-c2c2-4317-abd2-4114a51c09d0</SCADAID>
		<Device>
		    <ID>1-10</ID>
		    <DevicePrefix>Device </DevicePrefix>
			<TagCount>2</TagCount>
			<Tag>
			    <ID>1</ID>
			    <NamePrefix>ATag</NamePrefix>
			    <T>60</T>
				<Type>Sequence</Type>
				<S>0,1,2,0,0,0,0,0,0,0,0,0,3,0,0,0,0,4,0,0,0,0,1,0,3</S>
				<R>65535</R>
			</Tag>
			<Tag>
			    <ID>2</ID>
			    <NamePrefix>ATag</NamePrefix>
			    <T>60</T>
				<Type>Random</Type>
				<Min>50</Min>
				<Max>90</Max>
			</Tag>
			
		</Device>
	</SCADA>
</CONFIGURATION>
