﻿<?xml version="1.0" encoding="utf-8"?>
<SystemSetting>
  <SSOAccount>stevenhy.li@advantech.com.tw</SSOAccount>
  <SSOPassword>1qaz@WSX</SSOPassword>
  <SSOLoginUrl>https://portal-sso.wise-paas.com/v2.0/auth/native</SSOLoginUrl>
  <SCADAPortalUrl>https://portal-scada-develop.wise-paas.com</SCADAPortalUrl>
  <MQTTHost>wise-msghub.eastasia.cloudapp.azure.com</MQTTHost>
  <MQTTPort>1883</MQTTPort>
  <MQTTUserName>45356e77-3220-4041-a6b3-56892635ab3e:5b466b6e-054f-4dd9-8bb3-3dcd606b828b</MQTTUserName>
  <MQTTPassword>tpi2p01tlck3ehq7nf27nkk90</MQTTPassword>
  <IsUseSame>True</IsUseSame>
  <SCADAList>fb31f897-0a62-4e07-bbea-f9afed4a8964</SCADAList>
</SystemSetting>