﻿<?xml version="1.0" encoding="utf-8"?>
<SystemSetting>
  <SSOAccount>keming.yan@advantech.com.cn</SSOAccount>
  <SSOPassword>Keming0218#</SSOPassword>
  <SSOLoginUrl>https://portal-sso.wise-paas.com/v2.0/auth/native</SSOLoginUrl>
  <SCADAPortalUrl>https://portal-scada-adviotsensesrp-srp-demo.wise-paas.com</SCADAPortalUrl>
  <MQTTHost>10.0.0.168</MQTTHost>
  <MQTTPort>1883</MQTTPort>
  <MQTTUserName>274d26cf-cb5f-4710-b3d6-2711ae35f847:3f286a45-8546-4f7c-93b6-2c29d1d19b6a</MQTTUserName>
  <MQTTPassword>nHjQJq9EddCm1WnkoUUOTfVny</MQTTPassword>
  <IsUseSame>True</IsUseSame>
  <SCADAList>d68583ac-c509-46f1-94f0-ac194f5cd767</SCADAList>
</SystemSetting>