﻿<?xml version="1.0" encoding="utf-8"?>
<SystemSetting>
  <SSOAccount>wisepaas.qa@advantech.com.cn</SSOAccount>
  <SSOPassword>Lucky@8@Lucky</SSOPassword>
  <SSOLoginUrl>https://portal-sso-stage.wise-paas.com/v2.0/auth/native</SSOLoginUrl>
  <SCADAPortalUrl>https://portal-scada-wise-paas-stage-scada.wise-paas.com</SCADAPortalUrl>
  <MQTTHost>wise-msghub.eastasia.cloudapp.azure.com</MQTTHost>
  <MQTTPort>1883</MQTTPort>
  <MQTTUserName>7e37288c-b686-4ab5-b326-25f9a33b5de5:cbc575c6-fa9e-410e-b787-449b19c6a511</MQTTUserName>
  <MQTTPassword>5d8sdd6fhb4h20oe4uhf5lo19t</MQTTPassword>
  <IsUseSame>True</IsUseSame>
  <SCADAList>3d14ee49-2f94-44bd-bcc2-cbe194a10457</SCADAList>
</SystemSetting>