﻿<?xml version="1.0" encoding="utf-8"?>
<SystemSetting>
  <SSOAccount>hua.lei@advantech.com.cn</SSOAccount>
  <SSOPassword>password</SSOPassword>
  <SSOLoginUrl>https://portal-scada-adviiot-webacces-stage1.ali.wise-paas.com.cn/api/Auth</SSOLoginUrl>
  <SCADAPortalUrl>https://portal-scada-adviiot-webacces-stage1.ali.wise-paas.com.cn</SCADAPortalUrl>
  <MQTTHost>101.37.126.17</MQTTHost>
  <MQTTPort>1883</MQTTPort>
  <MQTTUserName>2484063c-cc09-4e76-9043-7fcd2f5cef55:4ce8ab19-0d56-48ad-829b-ad790e0e640e</MQTTUserName>
  <MQTTPassword>czzjVYv8pKvZHHOlZgctFWUO8</MQTTPassword>
  <IsUseSame>True</IsUseSame>
  <SCADAList>d96a2008-0069-48f4-8ccf-7eb99729f043</SCADAList>
</SystemSetting>