﻿<?xml version="1.0" encoding="utf-8"?>
<SystemSetting>
  <SSOAccount>hua.lei@advantech.com.cn</SSOAccount>
  <SSOPassword>password</SSOPassword>
  <SSOLoginUrl>https://portal-sso.ali.wise-paas.com.cn/v2.0/auth/native</SSOLoginUrl>
  <SCADAPortalUrl>https://portal-scada-adviiot-webacces-stage1.ali.wise-paas.com.cn</SCADAPortalUrl>
  <MQTTHost>101.37.126.17</MQTTHost>
  <MQTTPort>1883</MQTTPort>
  <MQTTUserName>2484063c-cc09-4e76-9043-7fcd2f5cef55:985012f0-d4d7-4e32-98b6-6f5449a366cd</MQTTUserName>
  <MQTTPassword>vBo8LliSO8s9lqL0Mhmsw4SQT</MQTTPassword>
  <IsUseSame>True</IsUseSame>
  <SCADAList>be1a6d49-823b-408e-86ac-3aea4420e2d5</SCADAList>
</SystemSetting>