[
	{
		"name":"MachineStatus",
		"type":"monitor",
		"description":"",
		"item":[
			{
				"DataType":"number"
			}
		   
		]
	},
	{
		"name":"X-温度",
		"type":"monitor",
		"description":"",
		"item":[
			{
				"单位":"摄氏度"
			}
			
		]
	},
	{
		"name":"Y-温度",
		"type":"monitor",
		"description":"",
		"item":[
			{
				"单位":"摄氏度"
			}
			
		]
	},
	{
		"name":"Z-温度",
		"type":"monitor",
		"description":"",
		"item":[
			{
				"单位":"摄氏度"
			}
			
		]
	},
	{
		"name":"B-温度",
		"type":"monitor",
		"description":"",
		"item":[
			{
				"单位":"摄氏度"
			}
			
		]
	},
	{
		"name":"A点转速",
		"type":"monitor",
		"description":"",
		"item":[
			{
				"单位":"r/min"
			}
			
		]
	},
	{
		"name":"B点转速",
		"type":"monitor",
		"description":"",
		"item":[
			{
				"单位":"r/min"
			}
			
		]
	},
	{
		"name":"C点转速",
		"type":"monitor",
		"description":"",
		"item":[
			{
				"单位":"r/min"
			}
		
		]
	},
	{
		"name":"D点转速",
		"type":"monitor",
		"description":"",
		"item":[
			{
				"单位":"r/min"
			}
			
		]
	},
	{
		"name":"A点电压",
		"type":"monitor",
		"description":"",
		"item":[
			{
				"单位":"V"
			}
			
		]
	},
	{
		"name":"B点电压",
		"type":"monitor",
		"description":"",
		"item":[
			{
				"单位":"V"
			}
			
		]
	},
	{
		"name":"C点电压",
		"type":"monitor",
		"description":"",
		"item":[
			{
				"单位":"V"
			}
			
		]
	},
	{
		"name":"D点电压",
		"type":"monitor",
		"description":"",
		"item":[
			{
				"单位":"V"
			}
			
		]
	}
]